0,before the concert,5747,noFile,1
1,There's No Crying In Mexico,186,um2014-02-15d1t01.mp3,1
2,Bridgeless,740,um2014-02-15d1t02.mp3,1
3,Booth Love,754,um2014-02-15d1t03.mp3,1
4,Phil's Farm,680,um2014-02-15d1t04.mp3,1
5,Women Wine and Song,237,um2014-02-15d1t05.mp3,1
6,Get in The Van,445,um2014-02-15d1t06.mp3,1
7,Ocean Billy,1063,um2014-02-15d1t07.mp3,1
8,Bridgeless,294,um2014-02-15d1t08.mp3,1
9,set break,1901,um2014-02-15d1t09.mp3,1
10,Miss Tinkle's Overture,713,um2014-02-15d2t01.mp3,1
11,Ringo,947,um2014-02-15d2t02.mp3,1
12,Crucial Taunt,329,um2014-02-15d2t03.mp3,1
13,Hajimemashite,314,um2014-02-15d2t04.mp3,1
14,Day Nurse,455,um2014-02-15d2t05.mp3,1
15,The Floor,510,um2014-02-15d2t06.mp3,1
16,Partyin' Peeps,478,um2014-02-15d3t01.mp3,1
17,Live and Let Die,482,um2014-02-15d3t02.mp3,1
18,All in Time,196,um2014-02-15d3t03.mp3,1
19,How Many More Times,192,um2014-02-15d3t04.mp3,1
20,All in Time,579,um2014-02-15d3t05.mp3,1
21,after the concert,5747,noFile,1
22,before the concert,5676,noFile,2
23,Gurgle,181,um2014-02-16d1t01.mp3,2
24,Resolution,611,um2014-02-16d1t02.mp3,2
25,Conduit,554,um2014-02-16d1t03.mp3,2
26,1348,641,um2014-02-16d1t04.mp3,2
27,2nd Self,367,um2014-02-16d1t05.mp3,2
28,Rocker Part 2,585,um2014-02-16d1t06.mp3,2
29,Liquid,357,um2014-02-16d1t07.mp3,2
30,Den,381,um2014-02-16d1t08.mp3,2
31,Layla,421,um2014-02-16d1t09.mp3,2
32,set break,2080,um2014-02-16d1t10.mp3,2
33,Wappy Sprayberry,713,um2014-02-16d2t01.mp3,2
34,The Linear,404,um2014-02-16d2t02.mp3,2
35,Walletsworth,396,um2014-02-16d2t03.mp3,2
36,Push the Pig,538,um2014-02-16d2t04.mp3,2
37,The Fussy Dutchman,474,um2014-02-16d3t01.mp3,2
38,Divisions,1078,um2014-02-16d3t02.mp3,2
39,Baba O'Riley,323,um2014-02-16d3t03.mp3,2
40,1348,281,um2014-02-16d3t04.mp3,2
41,JaJunk,968,um2014-02-16d3t05.mp3,2
42,after the concert,5676,noFile,2
43,before the concert,3302,noFile,3
44,In the Basement of the Alamo,468,tauk2014-02-27d1t02.mp3,3
45,Weenus,232,tauk2014-02-27d1t03.mp3,3
46,Sex Panther,308,tauk2014-02-27d1t04.mp3,3
47,Energy Muff,341,tauk2014-02-27d1t05.mp3,3
48,Afro-Tonic,480,tauk2014-02-27d1t06.mp3,3
49,Immigrant Song,385,tauk2014-02-27d1t07.mp3,3
50,Side Project,264,tauk2014-02-27d1t08.mp3,3
51,Sweet Revenge,314,tauk2014-02-27d1t09.mp3,3
52,Capentino's Rebirth,345,tauk2014-02-27d2t01.mp3,3
53,Dead Signal,537,tauk2014-02-27d2t02.mp3,3
54,Radiohead,405,tauk2014-02-27d2t03.mp3,3
55,The Spot,429,tauk2014-02-27d2t04.mp3,3
56,unknown,360,tauk2014-02-27d2t05.mp3,3
57,The Chemist,547,tauk2014-02-27d2t06.mp3,3
58,unknown,330,tauk2014-02-27d2t07.mp3,3
59,Tumbler,360,tauk2014-02-27d2t08.mp3,3
60,She's So Heavy,499,tauk2014-02-27d2t09.mp3,3
61,after the concert,3302,noFile,3
62,before the concert,4595,noFile,4
63,Intro / Ghatam,323,zakh2014-03-31d01t01.mp3,4
64,Sarangi & Tablas,1011,zakh2014-03-31d01t02.mp3,4
65,Sarangi & Tablas,519,zakh2014-03-31d01t03.mp3,4
66,Sarangi & Tablas,334,zakh2014-03-31d01t04.mp3,4
67,Cannon Composition,163,zakh2014-03-31d01t05.mp3,4
68,Lal Quila,114,zakh2014-03-31d01t06.mp3,4
69,Deer Composition,214,zakh2014-03-31d01t07.mp3,4
70,Horse Composition,165,zakh2014-03-31d01t08.mp3,4
71,Dholki,636,zakh2014-03-31d01t09.mp3,4
72,set break,1081,zakh2014-03-31d01t10.mp3,4
73,Dhol,437,zakh2014-03-31d02t01.mp3,4
74,Hi-Hat & Kanjira,329,zakh2014-03-31d02t02.mp3,4
75,Kanjira,507,zakh2014-03-31d02t03.mp3,4
76,Sitar & Tablas,1808,zakh2014-03-31d02t04.mp3,4
77,Western Drums & Tablas,563,zakh2014-03-31d02t05.mp3,4
78,Western Drums & Tablas,151,zakh2014-03-31d02t06.mp3,4
79,Introductions,215,zakh2014-03-31d02t07.mp3,4
80,Entire Band,620,zakh2014-03-31d02t08.mp3,4
81,after the concert,4595,noFile,4
